,Price,Price/Earnings,Dividend Yield,Earnings/Share,52 Week Low,52 Week High,Market Cap,EBITDA,Price/Sales,Price/Book,Consensus
0,152.2,21.286713,0.0199,7.15,75.652176,155.0,83294183424.0,8117000192.0,2.5520616,17.855467,Buy
1,67.3,18.539946,0.0196,3.63,66.76,92.45,9758164992.0,809100032.0,2.5060778,5.091157,Buy
2,127.93,16.744764,0.0202,7.64,99.71,129.85,221889478656.0,10824999936.0,5.3834457,5.5757494,Buy
3,183.9,64.3007,0.0373,2.86,153.58,207.32,324977033216.0,25629999104.0,5.8519626,53.88221,Buy
4,384.95,32.294464,0.017,11.92,278.69,387.51,240778526720.0,11065912320.0,3.7101948,8.508687,Buy
5,437.45,35.42105,0.02094,12.35,403.75,638.25,190421991424.0,8134000128.0,9.090657,13.383815,Buy
6,115.95,105.40909,0.020940000000000004,1.1,112.8,227.3,192886292480.0,4479000064.0,7.939341,3.3023837,Buy
7,11.0,7.6388884,0.0615,1.44,10.81,22.21,7821297152.0,3334000128.0,0.63670605,2.3773503,Buy
8,107.38,15.955423,0.0214,6.73,75.44,115.5,59652595712.0,4779250176.0,3.4477284,2.4075692,Hold
9,151.52,34.126125,0.026539999999999998,5.6659999999999995,124.16,155.35,43273355264.0,4830546713.6,2.63347633,8.90523864,Buy
10,335.26,19.469223,0.0214,17.22,212.24,337.775,74554785792.0,4296600064.0,6.1612473,4.380537,Buy
11,131.17,45.387543,0.012919999999999997,2.89,110.38,170.1,81951334400.0,1672999936.0,7.560086,9.859441,Hold
12,99.9,29.556213,0.0199999996,3.38,84.7,129.17,15007678464.0,1118397952.0,3.7838497,3.1387458,Buy
13,84.19,85.2710874,0.0189,-16.76,71.97,143.19,9895693312.0,-935078016.0,1.5219512,1.2360888,Hold
14,97.35,54.083332,0.051999997,1.8,94.35,130.14,16850505728.0,1905123968.0,5.461276,0.9204281,Buy
15,219.11,37.390785,0.015000000020000001,5.86,196.09,335.4,16357241856.0,820153984.0,4.1300755,4.152799,Buy
16,132.73,20.42,0.014400001,6.5,113.27,156.1,11538124800.0,888400000.0,3.098315,7.3441043,Buy
17,58.88,22.910507,0.0342,2.57,46.8,64.19,15108549632.0,1636999936.0,3.809518,2.168293,Buy
18,192.33,12.432449,0.019,15.47,153.87,209.88,50929561600.0,6192999936.0,0.8157605,2.7001262,Buy
19,204.02,27.09429,0.004,7.53,130.67,205.48,2507303813120.0,123469996032.0,7.377482,7.965486,Buy
20,205.6,27.267906,0.0039,7.54,131.55,207.08,2504763113472.0,123469996032.0,7.3700066,8.027174,Buy
21,52.23,7.8778276,0.0775,6.63,39.25,58.04,88302649344.0,12216000512.0,4.3366394,6.24562438,Buy
22,237.68,50.24947,0.0037399999979999994,4.73,151.61,241.77,2499205136384.0,111583002624.0,4.030144,9.640235,Buy
23,9.72,18.339624,0.0523,0.53,8.78,11.48,14092055552.0,1904000000.0,1.0400041,3.5827498,Buy
24,20.97,66.7598425,0.0335800007,-0.94,18.38,34.5,5102042624.0,433000000.0,0.9084834,1.5398580800000001,Buy
25,94.2,22.164705,0.028499998,4.25,67.03,96.74,25144616960.0,3264000000.0,3.5625699,2.124732,Buy
26,98.36,19.830645,0.0379,4.96,75.22,105.18,52383092736.0,7258299904.0,2.6723068,1.967633,Buy
27,317.45,22.772598,0.0086,13.94,203.0,326.27,223902892032.0,8949399961.6,3.7796535,7.523047,Hold
28,73.66,14.644135,0.0212,5.03,67.96,80.83,45946826752.0,8501000192.0,1.0143012,1.0308154,Buy
29,184.95,44.673912,0.0349,4.14,170.46,243.56,86425100288.0,6966099968.0,7.7388453,23.732836,Buy
30,124.64,24.681187,0.0247,5.05,113.34,150.68,24291588096.0,2408000000.0,5.380197,2.3443112,Hold
31,543.36,21.795425,0.010299999,24.93,381.99,577.89,52271230976.0,5655869184.0,2.9963448,9.243331,Buy
32,184.56,32.09739,0.006,5.75,149.03,198.33,42690203648.0,2138388992.0,6.1776185,4.470064,Buy
33,285.42,36.220814,0.0335,7.88,253.3,346.85,153422675968.0,12247000064.0,4.7157645,20.38132,Buy
34,70.78,36.864582,0.0091,1.92,51.025,79.39,85333073920.0,3586299904.0,5.9956913,9.025759,Buy
35,211.89,64.798164,0.0165,3.27,182.57,244.14,105128370176.0,4361349120.0,10.837489,2.9895453,Buy
36,350.5,53.923077,0.0155200001,6.5,289.82,363.03,30651224064.0,836108992.0,12.420753,5.257001,Hold
37,370.82,31.72113,0.0073,11.69,268.06,395.33,80195756032.0,4295000064.0,5.37289,12.857391,Hold
38,21.93,3.115057,0.0435,7.04,20.32,36.05,8112937984.0,5047000064.0,0.9059674,1.5862569,Hold
39,236.0,37.76,0.0042,6.25,164.08,260.1,3572851277824.0,134660997120.0,9.1369095,62.649323,Buy
40,180.35,21.093567,0.0086,8.55,158.96,255.89,147683934208.0,8204000256.0,5.499513,7.8917427,Buy
41,62.42,7.0056114,0.0336,8.91,51.47,85.56,14786111488.0,3032999936.0,0.74961275,1.6514537,Buy
42,93.07,6.3485675,0.0268600004,14.66,80.97,116.47,35584942080.0,5171999744.0,2.1097374,1.6261313,Buy
43,51.23,14.39045,0.0379,3.56,48.4,66.08,24515297280.0,3988000000.0,0.27617267,1.0890499,Hold
44,115.23,55.39904,0.01244,2.08,60.08,133.575,145162141696.0,2833341952.0,21.950539,3.9239259,Buy
45,301.82,46.505394,0.0087,6.49,230.08,316.72,75395547136.0,3382200064.0,7.067648,5.4349666,Buy
46,215.19,15.381701,0.0146,13.99,160.12,230.55,11036535808.0,1241900032.0,0.93881625,2.1037042,Buy
47,23.73,16.142857,0.048899997,1.47,15.94,24.98,172367593472.0,42773000192.0,1.4121547,1.6633955,Buy
48,142.51,20.8653,0.023699999,6.83,110.46,152.65,22180255744.0,1991972992.0,5.416576,1.8157609,Buy
49,311.34,62.01992,0.0300399998,5.02,195.32,326.62,67096567808.0,1396000000.0,11.55841,35.91832,Buy
50,303.01,31.629438,0.020599999,9.58,231.27,311.67,123285987328.0,5733100032.0,6.3149424,27.192858,Hold
51,3350.21,22.415428,0.0230000004,149.46,2672.31,3437.63,56223895552.0,4338463232.0,3.040729,6.30337546,Buy
52,221.51,30.260927,0.0309,7.32,169.37,239.29,31506915328.0,1808050944.0,10.767874,2.6475194,Buy
53,185.73,21.29931,0.0182,8.72,181.99,233.48,14922736640.0,1416300032.0,1.7191103,6.240927,Buy
54,652.18,168.95856,0.009039999400000002,3.86,251.13,698.67,49731854336.0,183220000.0,25.629044,23.630566,Buy
55,46.18,15.496644,0.020599999,2.98,28.32,47.6,45696311296.0,4336999936.0,1.6738576,2.8213587,Buy
56,55.7,23.208332,0.0143,2.4,51.96,71.32,16622327808.0,2092999936.0,1.2058272,2.5007856,Buy
57,46.3,14.423676,0.0221,3.21,32.35,48.08,352382812160.0,22764999680.0,3.7239535,1.308982,Buy
58,32.56,130.24,0.020499999,0.25,28.34,44.01,16624745472.0,2744000000.0,1.1037542,2.1114066,Hold
59,247.6,42.25256,0.0175,5.86,218.75,250.91,71805984768.0,5109000192.0,3.6214435,2.7674081,Buy
60,220.59521,39.69787012505263,0.022929702972103963,8.247254509018036,169.35224773399997,255.22230960000002,111886263480.32,6766009801.4127655,4.68663154898998,8.74781547594017,Buy
61,85.86,14.702055,0.0404,5.84,69.29,103.71,18356525056.0,2673999872.0,0.43154255,6.0575705,Hold
62,73.55,77.42106,0.0044,0.95,61.16,85.57,11686507520.0,308515008.0,9.974972,5.463933,Buy
63,143.93,13.025338,0.023440000199999998,11.05,139.71,246.44,20973336576.0,2884999936.0,2.183017,1.2819073,Buy
64,1075.5,25.607143,0.0212,42.0,745.55,1084.22,166572376064.0,7673999872.0,8.603501,3.8642988,Buy
65,177.11,48.79063,0.0186,3.63,115.82,200.96,216281432064.0,10215600128.0,19.417854,19.407187,Buy
66,85.93,14.815516,0.0248,5.8,52.64,87.7,61670244352.0,5636139878.4,3.4644256,1.659489,Buy
67,176.52,36.458372000000004,0.0166800003,-18.37,137.03,213.77,132251615232.0,-3991000064.0,1.8044237,14.88544292,Buy
68,4737.56,32.25902,0.0073,146.86,3180.0,5337.24,158014685184.0,7183000064.0,6.8547063,7.04644,Buy
69,31.9,7.8960395,0.0134000005,4.04,29.51,38.23,6976529920.0,1882000000.0,0.49237984,1.1332954,Buy
70,102.36,84.59504,0.012459999999999999,1.21,64.08,103.595,150861234176.0,4063000064.0,9.481568,7.2833357,Buy
71,58.95,235.9595208,0.0419,-3.57,39.35,61.1,119946158080.0,19161999360.0,2.5286424,6.9738555,Hold
72,221.27,171.52715,0.0117,1.29,119.756,251.88,1037172146176.0,22958000128.0,22.154697,3.7363436,Buy
73,238.22,41.143353,0.0147,5.79,188.3,241.45,27845298176.0,1545799936.0,4.284815,12.822003,Buy
74,104.66,30.248556,0.0057,3.46,77.12,114.15,29928366080.0,1528300032.0,6.5651097,4.630769,Buy
75,220.59521,39.69787012505263,0.022929702972103963,8.247254509018036,169.35224773399997,255.22230960000002,111886263480.32,6766009801.4127655,4.68663154898998,8.74781547594017,Hold
76,167.28,16.367905,0.02682,10.22,130.75,214.7,19251419136.0,2349128960.0,1.1506404,4.3471932,Buy
77,76.13,9.648923,0.035,7.89,75.72,114.92,10629804032.0,2486000128.0,0.19503513,1.0488104,Buy
78,73.14,31.800001,0.053600002,2.3,56.46,90.11,12904675328.0,1870726016.0,3.8590477,2.006309,Hold
79,99.49,25.774612,0.023,3.86,65.0,114.82,11760215040.0,673996992.0,0.66209275,7.163223,Buy
80,297.62,78.115486,0.012919999999999997,3.81,241.29,328.99,81626152960.0,1450493056.0,18.747797,17.886892,Buy
81,36.05,7.9089782600000005,0.054100000800000006,-1.68,30.784,45.93,7659904000.0,3668000000.0,0.67961174,1.8292063,Buy
82,113.71,35.870663,0.0364,3.17,90.5,127.69,12130696192.0,893276992.0,7.793328,2.7759874,Buy
83,38.77,21.185793,0.0325,1.83,37.61,52.81,11557685248.0,1783000064.0,1.1994277,3.0450833,Hold
84,203.71,17.591537,0.0124,11.58,128.23,207.24,77660372992.0,4141980083.2,2.930912,1.338111,Buy
85,123.66,23.027935,0.015800001,5.37,93.17,131.29,29872300032.0,2924000000.0,0.13308874,3.49529762,Buy
86,85.64,29.129251,0.022919999999999996,2.94,65.83,91.25,13171431424.0,926968000.0,0.47586256,2.2223375,Buy
87,27.67,19.215277,0.0392400014,1.44,13.78,28.72,37406797824.0,5878000128.0,1.5281179,4.0781136,Buy
88,65.38,38.686386,0.0136,1.69,53.13,83.32,59190083584.0,3318000128.0,2.3866007,3.9948673,Buy
89,63.48,75.508583,0.014940000200000001,-2.28,42.11,63.5,11522381824.0,462000000.0,2.6056945,3.2527156,Hold
90,371.44,16.845352,0.0143,22.05,306.0,418.5,179331973120.0,15818999808.0,2.7310545,9.245321,Hold
91,204.33,27.875853,0.012200001,7.33,166.13,221.66,21390489600.0,1290400000.0,5.4076476,5.0824566,Hold
92,144.74,46.690327,0.013699999800000001,3.1,82.75,147.09,44293046272.0,2213600000.0,1.2908531,5.008825,Buy
93,199.14,24.31502,0.0126,8.19,168.43,263.37,26538192896.0,1996300032.0,1.2739638,11.291037,Buy
94,71.04,7.0756974,0.0388,10.04,64.05,172.16,7765524480.0,1851000064.0,0.7410559,1.0671314,Hold
95,254.21,33.804523,0.0085,7.52,214.77,258.39,49280135168.0,4303009792.0,0.1676431,63.42565,Buy
96,64.03,11.058722,0.029179999399999997,5.79,55.03,81.42,32326504448.0,5919000064.0,0.22110547,1.1960399,Buy
97,32.57,21.713333,0.026800001,1.5,25.41,33.12,21226747904.0,3081999872.0,2.4788916,2.0148468,Hold
98,92.21,14.613312,0.0217,6.31,69.13,98.25,16046384128.0,2651000064.0,2.6819963,3.0948145,Buy
99,164.76,20.672522,0.02812,7.97,159.65,275.0,8466620928.0,948771008.0,2.0849042,2.2274497,Hold
100,82.72,27.665552,0.0124,2.99,61.01,83.73,151423926272.0,10479799910.4,8.081977,3.980176,Buy
101,345.49,10.827013,0.015099999999999999,31.91,236.08,415.27,49041612800.0,21500000256.0,0.89377826,3.484448,Hold
102,149.19,17.187788,0.0417,8.68,135.37,167.11,278706323456.0,38942998528.0,1.4539505,1.7164257,Buy
103,58.35,54.027775,0.013680000000000001,1.08,47.98,69.2614,79507120128.0,2233638912.0,7.23788,22.018867,Buy
104,271.88,12.083556,0.0134000005,22.5,238.85,302.05,108943409152.0,11363000320.0,1.991762,1.6663909,Buy
105,105.52,47.318382,0.0106,2.23,96.09,113.5,25852188672.0,1330099968.0,4.2709007,6.1628313,Hold
106,294.21,24.294798,0.0185,12.11,262.03,370.83,80551460864.0,8554999808.0,0.35060942,1.9534818,Buy
107,137.05,7.039035,0.0233,19.47,104.78,161.75,21422972928.0,4062000128.0,1.7624824,1.5517964,Buy
108,200.57,48.446865,0.0076,4.14,150.7,228.12,80938819584.0,2450383872.0,8.296421,18.820496,Buy
109,60.6,26.008583,0.026500002,2.33,44.5,62.32,241355243520.0,13752000512.0,4.5559354,5.340148,Buy
110,81.43,13.755068,0.0286,5.92,52.24,82.77,153659228160.0,10479799910.4,2.217049,0.7990619,Buy
111,47.57,15.69967,0.0353,3.03,30.24,49.25,20956631040.0,2584883801.6,2.9454155,0.92808646,Buy
112,158.68,55.2892,0.0304,2.87,127.6,171.37,19641567232.0,1371000064.0,2.6297452,327.17523,Hold
113,236.52,24.870663,0.044099998,9.51,190.7,249.02,85232820224.0,4209900032.0,14.124489,3.013992,Hold
114,66.0,18.857143,0.0311,3.5,55.1,72.4,19719809024.0,2739000064.0,2.6377487,2.5003788,Buy
115,63.48,26.560669,0.030299999,2.39,57.93,73.53,275914555392.0,14830999552.0,5.950795,10.316918,Buy
116,82.61,18.276548,0.0145000005,4.52,63.79,83.4015,40960020480.0,3470000128.0,2.110036,2.8352268,Hold
117,86.7,24.913792,0.022,3.48,82.68,109.3,70834855936.0,4894000128.0,3.5230706,162.96992,Buy
118,33.66,8.033413,0.0332,4.19,33.3,45.82,128483590144.0,37285998592.0,1.0439879,1.5046937,Buy
119,25.89,25.135923,0.0512,1.03,25.06,33.24,12357814272.0,2239500032.0,1.0348368,1.4667724,Hold
120,98.83,11.723606,0.0308,8.43,94.23,135.18,127842541568.0,24445999104.0,2.245846,2.2803416,Buy
121,93.74,17.6203,0.036199998,5.32,85.85,107.75,32476971008.0,5555999744.0,2.160666,1.481142,Hold
122,180.8,49.264305,0.0184,3.67,176.51,274.87,33316921344.0,3887300096.0,3.2693136,3.3938394,Buy
123,299.98,34.01134,0.0046,8.82,125.85,352.0,96526368768.0,5997000192.0,4.0249505,7.4696217,Buy
124,96.55,49.260204,0.0002,1.96,84.76,112.38,19269740544.0,1023000000.0,5.065519,2.4256356,Buy
125,57.93,40.51049,0.024560000000000002,1.43,48.05,64.38,55817179136.0,1754322944.0,13.1743,7.414565,Buy
126,52.08,89.793106,0.0219,0.58,30.72,55.33,44539285504.0,2607000064.0,3.5317805,3.8181818,Buy
127,380.49,27.119743,0.02064,14.03,247.1,386.81,26524338176.0,2066438016.0,6.840616,8.587194,Buy
128,65.27,68.70526,0.010299999,0.95,50.01,66.16,45464403968.0,3014000128.0,2.7327285,1.8184096,Buy
129,76.6,182.38095,0.0194800002,0.42,68.26,100.38,31402936320.0,170300000.0,11.775071,4.187394,Buy
130,979.88,57.53846,0.0047,17.03,697.27,1008.25,434967773184.0,11521999872.0,1.7094228,18.381481,Buy
131,27.72,16.8,0.0296,1.65,22.3,29.95,20414255104.0,3448999936.0,3.7123578,1.5653058,Buy
132,398.07,765.5193,0.00704000018,0.52,200.81,411.3,98049024000.0,187490000.0,27.884487,41.78774,Buy
133,89.28,31.659575,0.070300005,2.82,84.2,120.92,38800912384.0,3993999872.0,5.885168,7.3330593,Hold
134,32.87,18.363129,0.0143,1.79,31.43,40.12,63387160576.0,7191000064.0,4.317632,4.902312,Buy
135,356.25,23.299541,0.0202,15.29,236.0,387.9,48871088128.0,4582000128.0,1.4290627,4.737871,Buy
136,56.48,14.335025,0.0468,3.94,43.56,80.75,71074996224.0,14115000320.0,0.19353512,0.94806457,Buy
137,141.9,10.042462,0.0108,14.13,133.02,199.85,45525630976.0,6202899968.0,1.2370625,1.8164593,Hold
138,222.74,42.10586,0.0047999998,5.29,222.365,281.7,160172343296.0,7511000064.0,6.7463713,3.13577,Buy
139,195.24,22.313143,0.035,8.75,135.87,196.8,22871781376.0,1789500032.0,2.0034146,10.348776,Buy
140,176.2,18.98707,0.030359999999999998,9.28,108.76,179.6,14452628480.0,2657765120.0,1.1410017,37.649574,Hold
141,70.74,208.05882,0.014940000200000001,0.34,47.08,82.69,11155697664.0,252100000.0,6.5834746,4.3672056,Buy
142,177.36,36.19592,0.01162,4.9,131.395,222.05,33895270400.0,1145432064.0,7.2787676,12.923346,Buy
143,476.56,18.593836,0.0145000005,25.63,340.2,485.84,129791598592.0,14364000256.0,2.319571,5.653747,Buy
144,103.6,18.336283,0.0126,5.65,80.49,179.7,72282243072.0,8725999616.0,0.78705394,36.08313522,Buy
145,67.27,12.621013,0.0098,5.33,37.29,69.98,43408052224.0,8415000064.0,0.7197846,3.1604414,Buy
146,34.1,6.3148146,0.0414,5.4,30.39,55.09,22400288768.0,7622000128.0,1.5417639,1.5715734,Buy
147,86.83,52.624245,0.01162,1.65,62.34,142.0,33915365376.0,840400000.0,8.577482,17.136374,Buy
148,164.36,9.484132,0.048600003,17.33,147.93,214.5,47991312384.0,6817999872.0,5.2409425,1.2855086,Buy
149,163.86,133.21951,0.0297,1.23,131.42,198.0,55402541056.0,2337596928.0,10.307729,2.6466599,Buy
150,201.09,11.348194,0.014199999,17.72,104.08,204.93,50536128512.0,2766396985.6,4.324502,2.9243073,Buy
151,71.06,11.726072,0.0297,6.06,66.43,168.07,15627940864.0,3025478912.0,0.39387932,2.3127744,Buy
152,73.35,35.3959471,0.0256999998,-4.7,60.49,151.22,15773111296.0,2604699904.0,0.5093638,2.1855724,Hold
153,55.59,20.512915,0.0478,2.71,43.53,61.97,46696157184.0,7032000000.0,3.199901,1.7834456,Hold
154,449.12,27.604177,0.0134000005,16.27,396.06,542.75,15509011456.0,921121024.0,3.3242092,4.0889878799999995,Buy
155,203.68,20.186321,0.0104,10.09,156.0,208.305,27943266304.0,1765938048.0,3.2973301,4.904052,Buy
156,39.05,24.87261,0.0682,1.57,38.33,60.69,27476086784.0,4851999744.0,0.6363151,1.4930223,Hold
157,119.88,16.265944,0.0365,7.37,102.78,131.67,24827267072.0,3448000000.0,1.9997799,2.141747,Buy
158,111.99,20.105923,0.0372,5.57,90.09,121.25,86510256128.0,14106000384.0,2.9078102,1.7952006,Buy
159,76.8,60.000004,0.0198,1.28,61.14,90.06,32098945024.0,2977999872.0,2.6327875,1.325555,Buy
160,99.65,12.992177,0.0358,7.67,80.71,114.5,11550730240.0,1684000000.0,1.2361655,2.0420082,Buy
161,326.44,34.76464,0.0115,9.39,255.65,379.99,129009090560.0,5449999872.0,5.2432065,6.7483926,Buy
162,67.48,16.997482,0.016,3.97,40.74,71.52,32342085632.0,2619000064.0,3.1504076,6.00089,Hold
163,250.19,35.139046,0.010299999,7.12,195.49,262.61,70844301312.0,3538599936.0,4.5196877,10.665444,Buy
164,54.0,15.789474,0.0612,3.42,53.26,88.77,20906100736.0,6444000256.0,1.20698,1.4913831,Buy
165,72.45,28.300781,0.01602,2.56,58.93,96.12,43185123328.0,2052400000.0,6.838608,4.4766436,Buy
166,122.91,31.515385,0.0064,3.9,115.21,168.5,32235974656.0,1890000000.0,4.350921,4.3660975,Buy
167,395.7,15.408878,0.0167,25.68,362.21,567.26,91771936768.0,11347999744.0,0.52737945,2.0965016,Buy
168,129.95,46.081562,0.0162,2.82,92.16,134.85,74010550272.0,4614000128.0,4.231108,3.4246936,Buy
169,62.28,135.3913,0.0309599996,0.46,58.33,141.63,8414464512.0,102900000.0,6.7302794,9.032632,Hold
170,81.08,19.679613,0.0296,4.12,48.075,84.26,34768400384.0,4596974080.0,2.9310362,1.1564189,Buy
171,125.79,10.152542,0.0301,12.39,108.94,139.67,70750584832.0,13168000000.0,2.9647412,2.4019935,Buy
172,253.96,33.024708,0.035399999599999996,7.69,169.43,317.5,14404967424.0,659422016.0,3.1066306,4.0521436,Buy
173,51.12,68.159996,0.012200001,0.75,30.02,54.85,30502488064.0,2601137920.0,6.597917,1.4989883,Buy
174,274.78,60.926826,0.0056,4.51,213.02,309.63,34059530240.0,1697699968.0,6.094902,6.935211,Buy
175,913.66,82.534775,0.0185,11.07,684.14,994.03,88157405184.0,3352907008.0,10.493067,6.487864,Buy
176,70.63,29.801687,0.0387,2.37,57.33,78.83,27622897664.0,1796182016.0,9.392895,2.4725196,Buy
177,402.95,37.658882,0.0137,10.7,339.78,547.0,21070215168.0,710918720.0,5.71211,10.816579,Buy
178,284.57,33.283043,0.0349,8.55,223.06,317.73,18952333312.0,1109452032.0,10.814825,3.3657007,Hold
179,83.43,148.98215,0.0164,0.56,62.29,159.75,29949534208.0,2438000128.0,1.9383557,5.891117,Hold
180,347.51,5.4196815,0.0227,64.12,343.76,407.3,14935493632.0,1953779558.4,0.9086784,0.97443277,Buy
181,64.17,17.343243,0.0416,3.7,48.04,65.47,14775976960.0,2564199936.0,2.5573707,1.4720253,Buy
182,57.68,14.5490768,0.052399997,-1.61,52.71,69.01,21134065664.0,4149131008.0,1.8182095,1.3951577,Buy
183,40.0,16.460905,0.038,2.43,33.35,41.19,40193200128.0,7148000256.0,1.7533242,1.5097759,Buy
184,170.95,22.23017,0.0170399996,7.69,107.25,192.34,21940748288.0,1720000000.0,1.6381028,16.66017,Buy
185,113.58,22.14035,0.0128,5.13,108.36,131.59,15898474496.0,1006916992.0,1.602091,6.7458577,Sell
186,154.0,41.17647,0.0419,3.74,131.02,184.87,33966393344.0,2260791040.0,10.257874,2.33005,Hold
187,106.83,13.643679,0.0361,7.83,100.42,126.34,481570422784.0,71537999872.0,1.400655,1.7481018,Buy
188,297.26,29.60757,0.0126000001,10.04,159.01,308.0,17245569024.0,782097984.0,6.1238756,5.5184064,Hold
189,474.41,33.959198,0.0088,13.97,391.84,499.87,18041812992.0,831163008.0,8.189447,9.414578,Hold
190,1873.56,91.25962,0.0110999995,20.53,1105.65,2402.52,45795053568.0,747456000.0,26.663383,5.05262644,Buy
191,73.24,36.62,0.0209,2.0,61.36,84.88,41989955584.0,1693200000.0,5.6135554,11.664278,Hold
192,108.63,31.578487,0.040599998,3.44,95.98,118.34,9297924096.0,739025984.0,7.8462167,3.126493,Buy
193,264.87,16.903,0.02,15.67,234.45,313.84,63794204672.0,10885000192.0,0.72831917,2.3460376,Buy
194,81.47,83.98969,0.0175,0.97,60.39,91.98,43859701760.0,3571000064.0,4.372416,2.669922,Buy
195,44.31,14.1114645,0.0334,3.14,32.29,49.07,29681231872.0,1981576038.4,3.6811647,1.6052022,Buy
196,167.52,14.416524,0.0184799998,11.62,135.88,306.77,17934356480.0,1716966016.0,4.6572933,2.3617651,Buy
197,39.8,25.67742,0.0428,1.55,35.41,44.97,22937415680.0,3924000000.0,1.7302116,1.8457543,Buy
198,216.04,41.706562,0.0240400002,5.18,137.13,223.23,122909253632.0,8766000128.0,6.108203,4.437415,Buy
199,55.78,4.575882,0.041100003,12.19,47.71,68.72,6963352064.0,703299968.0,1.67071,1.5112026,Buy
200,10.08,11.454545,0.0591,0.88,9.49,14.85,40060841984.0,9360000000.0,0.21921957,0.9040359,Hold
201,100.88,50.693466,0.014759999999999999,1.99,54.57,102.87,77319774208.0,1727900032.0,13.53922,85.05902,Buy
202,81.33,32.532,0.0039,2.5,66.15,87.1,28217362432.0,1698499968.0,4.5547137,2.6730428,Buy
203,51.18,12.513447,0.0106,4.09,28.285,52.04,22749509632.0,3025999872.0,1.5867691,2.0780382,Buy
204,48.6,11.88264,0.0112,4.09,25.815,49.29,22786205696.0,3025999872.0,1.5893286,1.9732835,Buy
205,22.24,26.164705,0.0635,0.85,18.83,28.61,11653382144.0,1688400000.0,1.3745438,0.9309724,Sell
206,35.85,28.228346,0.0153,1.27,35.46,55.24,52648947712.0,9900000256.0,2.0533912,2.935637,Buy
207,215.85,27.392132,0.0138,7.88,119.27,222.97,41448595456.0,1596897024.0,6.958148,5.524841,Hold
208,542.83,40.090843,0.010339999999999998,13.54,411.15,559.0,41870815232.0,1298909952.0,6.8211174,39.515907,Buy
209,203.57,33.48191,0.0058999998,6.08,107.773346,207.65,218571079680.0,8935000064.0,3.1245418,11.673262,Buy
210,88.3,24.19178,0.0016,3.65,72.52,94.55,40341884928.0,3571000064.0,2.062574,4.850316,Buy
211,372.88,66.70483,0.0023999999,5.59,119.0,447.5,102785867776.0,1396999936.0,2.9860516,10.805298,Buy
212,26.91,27.742268,0.0179,0.97,19.08,31.72,17188493312.0,1808999936.0,4.449519,7.6318774,Buy
213,149.33,31.110416,0.0258799996,4.8,108.89,195.94,8884731904.0,660542976.0,2.1540296,3.6874335,Buy
214,256.98,18.867842,0.0216,13.62,247.01,316.9,69472231424.0,5402999808.0,1.5087571,3.0709114,Buy
215,60.14,13.073914,0.0364,4.6,57.94,75.9,33151031296.0,4214599936.0,1.6742437,3.5782712,Hold
216,49.46,7.764521,0.0087,6.37,37.6,61.24,49252614144.0,18371000320.0,0.26955387,0.76698816,Buy
217,116.25,14.98067,0.0339,7.76,112.74,164.45,16162934784.0,2055010944.0,0.6936203,3.4425063,Buy
218,97.2,1079.9999,0.0318,0.09,62.07,98.9,121137438720.0,13948999680.0,4.2806263,6.555608,Buy
219,112.85,21.292452,0.0089,5.3,91.6,141.78,28719761408.0,4356144128.0,2.8650084,1.2585455,Buy
220,122.09,10.34661,0.0078,11.8,38.95,132.0,10248857600.0,1495667968.0,1.7894174,2.2181644,Buy
221,212.65,17.121578,0.0218399995,12.42,107.08,215.8,29977694208.0,1015600000.0,6.6901054,83.6546,Buy
222,640.4,15.922427,0.021,40.22,375.2,650.0,200457388032.0,11189820057.6,4.05891,1.9547575,Buy
223,26.02,9.194346,0.023,2.83,25.51,41.56,22858622976.0,5112000000.0,0.99070877,2.2188113,Buy
224,111.55,10.777778,0.0182,10.35,88.06,124.9,32337342464.0,4254000128.0,1.2397387,1.9455831,Buy
225,57.84,78.7534716,0.047,-4.64,46.09,73.46,8068737536.0,772200000.0,1.8665534,6.2678804,Buy
226,329.91,15.009555,0.0081,21.98,289.98,417.14,83565207552.0,13747000320.0,1.2002875,4.81170764,Buy
227,20.66,42.163265,0.0585,0.49,16.02,23.26,14450492416.0,1400305024.0,5.6533074,1.6874949,Buy
228,80.0,32.786884,0.024200000200000005,2.44,63.67,82.63,9933440000.0,922000000.0,0.79473877,2.8582656,Buy
229,149.25,17.155172,0.036,8.7,147.6,211.92,30201485312.0,2952748032.0,2.7526376,7.182041,Hold
230,139.03,15.482183,0.0138,8.98,123.79,163.98,42837647360.0,6984999936.0,3.437186,3.9456806,Buy
231,21.19,10.979275,0.024,1.93,14.465,24.66,27871844352.0,4909000192.0,0.9604357,1.2461774,Buy
232,256.07,54.832977,0.0023,4.67,186.83,259.01,62424748032.0,2456999936.0,13.296006,6.25750274,Buy
233,72.14,21.728916,0.02073999932,3.32,68.61,84.67,16283657216.0,1242700032.0,4.0835733,3.287459,Buy
234,411.98,28.159946,0.0217,14.63,323.77,439.37,411748892672.0,24757999616.0,2.6633863,70.5566,Buy
235,223.72,25.83372,0.0202,8.66,189.75,242.77,145694507008.0,9164000256.0,3.8492603,8.35774,Buy
236,29.98,20.394558,0.0365,1.47,28.51,36.86,16459409408.0,1353831040.0,1.3738172,2.0896354,Hold
237,16.71,16.2233,0.0481,1.03,15.71,21.31,11839519744.0,1515000064.0,2.117982,1.7402623,Buy
238,126.58,48.684616,0.0031,2.6,57.0,129.1,51424518144.0,1772000000.0,7.0735235,11.58627,Buy
239,32.5,11.565837,0.028199999,2.81,27.43,39.8,30478436352.0,5045000192.0,0.5716029,1.6340622799999998,Hold
240,423.01,30.410498,0.0124,13.91,342.85,481.345,22703159296.0,1266200064.0,4.025383,7.061701,Buy
241,293.23,25.587261,0.0119,11.46,213.31,406.46,35308118016.0,3779000064.0,0.3070004,2.0101457,Hold
242,17.2,14.098361,0.0368,1.22,12.05,18.45,25002608640.0,2728300800.0,3.737311,1.3720485,Buy
243,197.26,11.150932,0.0276,17.69,184.29,299.5,7718645248.0,1071000000.0,0.6592625,1.8364458,Hold
244,255.7,40.14129,0.0292,6.37,162.62,257.235,238808203264.0,14675999744.0,3.8160467,9.670953,Buy
245,224.31,34.776745,0.0123000005,6.45,189.51,246.36,16985492480.0,862700032.0,5.3166056,4.458114,Buy
246,422.05,40.777775,0.018840000000000003,10.35,398.5,583.39,34559438848.0,1299420032.0,8.988579,21.398874,Buy
247,259.16,22.438095,0.0231,11.55,232.77,279.13,76529950720.0,4652000256.0,4.798417,22.569016,Hold
248,74.16,824.0,0.026140000000000004,0.09,50.35,83.95,14286924800.0,80491000.0,3.505254,4.508755,Buy
249,93.8,45.980396,0.00090000004,2.04,81.59,106.03,37887229952.0,1901100032.0,5.293139,3.6849344,Buy
250,278.38,47.343536,0.02376,5.88,160.19,284.62,19526909952.0,410600000.0,9.842689,17.465336,Buy
251,19.43,25.0741802,0.0224,-4.38,18.51,46.63,84131897344.0,10439000064.0,1.5509042,0.8411619,Hold
252,159.83,37.96437,0.0113,4.21,124.34,167.99,91770716160.0,5558000128.0,10.021919,3.3688138,Buy
253,87.09,15.488460400000003,0.0182,-9.08,72.94,106.77,22267344896.0,1876000000.0,1.9505382,1.5071906,Buy
254,55.63,35.43312,0.0319,1.57,32.7,60.36,19326308352.0,1955000064.0,1.0368192,2.239623,Buy
255,28.67,13.523585,0.046,2.12,26.3,35.17,10680005632.0,1732099968.0,1.1436042,2.8664267,Buy
256,601.51,58.51265,0.0061000003,10.28,557.29,714.78,168372879360.0,4496000000.0,10.339139,9.144269,Buy
257,571.88,88.80124,0.0235800002,6.44,364.17,616.0,203691655168.0,2505100032.0,25.892239,13.071841,Buy
258,19.23,16.29661,0.0462,1.18,14.16,19.51,8615040000.0,1053000000.0,1.4633013,0.8044342,Hold
259,31.15,43.263885,0.0374,0.72,30.13,37.8,19082676224.0,1407630976.0,7.470035,1.9243838,Buy
260,201.36,26.45992,0.008759999868000001,7.61,187.62,261.73,36546838528.0,2827000064.0,2.3863428,5.2485337,Buy
261,101.57,282.1389,0.027999999,0.36,66.2,130.24,29806731264.0,2001980032.0,4.9773626,3.2543277600000002,Buy
262,171.22,30.794964,0.0092,5.56,153.12,219.51,17217028096.0,1577556992.0,1.4060966,4.3157816,Buy
263,106.89,21.59394,0.038,4.95,99.81,134.62,11374806016.0,1977900032.0,1.3384329,1.475342,Hold
264,162.41,15.336166,0.0022,10.59,95.85,174.8,17789579264.0,2143000064.0,0.6159187,10.635191,Buy
265,174.09,31.826326,0.0126,5.47,157.0,189.63,12701484032.0,571171968.0,5.657281,6.598067,Buy
266,140.13,29.19375,0.0083,4.8,111.22807,150.54,17378502656.0,1476304000.0,1.0253645,2.6314507,Buy
267,152.15,26.36915,0.0335,5.77,140.68,168.85,368053878784.0,30051999744.0,4.196929,5.2206287,Buy
268,78.0,37.5,0.0189,2.08,52.79,87.16,51490840576.0,3232000000.0,2.2434142,3.22354,Buy
269,267.3,13.541033,0.0202,19.74,172.62,270.82,747798462464.0,26827500748.8,4.6118264,2.3213198,Buy
270,34.86,45.868423,0.0256,0.76,34.3,39.79,11541762048.0,498500000.0,2.292625,2.4844987,Hold
271,81.73,27.33445,0.0278,2.99,52.46,82.06,28172167168.0,2032000000.0,2.2011225,7.7183876,Hold
272,21.29,38.70909,0.0378,0.55,17.67,24.46,40818466816.0,3454000128.0,2.6404338,3.8325834,Buy
273,32.1,19.337349,0.028499998,1.66,28.62,38.28,43542044672.0,4230000128.0,2.8744419,1.7438068,Buy
274,17.98,33.1871608,0.0448,-0.32,13.11,20.04,19900084224.0,2149230016.0,4.101419,1.2417984,Buy
275,178.35,50.811966,0.0150200001,3.51,119.72,180.26,30837966848.0,1187000064.0,6.163895,5.917189,Buy
276,129.97,17.21457,0.037100002,7.55,117.67,149.31,43124047872.0,3897999872.0,2.1454751,33.73216,Hold
277,22.45,41.574074,0.044099998,0.54,17.57,25.83,15133119488.0,1195842048.0,7.708316,1.4380885,Buy
278,27.48,23.48718,0.0374,1.17,16.47,31.48,61050662912.0,6568999936.0,4.029481,2.0078912,Buy
279,167.07,51.564816,0.0042,3.24,87.28,170.4,154171867136.0,10777799884.8,5.542496,6.1563125,Buy
280,738.24,31.070705,0.0092,23.76,593.01,896.32,98746982400.0,4249192960.0,9.627435,29.462427,Buy
281,29.84,26.882883,0.0529,1.11,28.37,38.96,36081635328.0,6446000128.0,1.3808509,0.74648523,Buy
282,61.64,16.306879,0.0214,3.78,44.48,63.59,44603072512.0,8067999744.0,0.29695392,4.9959474,Buy
283,212.01,26.939009,0.0219,7.87,200.18,265.74,40211513344.0,3705999872.0,1.901973,2.1152773,Buy
284,249.8,47.310604,0.0114,5.28,191.97,252.71,20893095936.0,1673500032.0,1.6434692,2.5590854,Buy
285,81.05,24.63526,0.012200001,3.29,68.87,113.0,104146010112.0,4920197120.0,6.6797514,12.374046,Buy
286,59.94,23.598425,0.0184,2.54,52.99,107.5,8549900800.0,1294400000.0,1.324252,4.816779,Buy
287,45.83,23.382654,0.0184,1.96,36.62,56.61,33227941888.0,3863000064.0,2.9361086,9.697419,Buy
288,142.03,16.158134,0.0113,8.79,108.97,202.9,18951489536.0,2056999936.0,1.1643109,4.104439,Buy
289,131.24,9.171209,0.0137,14.31,124.30784,187.6089,34666786816.0,5534482944.0,0.95074534,1.2986089,Hold
290,811.08,87.212906,0.0073,9.3,659.74,972.53,729417187328.0,16566500352.0,17.850178,51.253082,Buy
291,446.12,33.873955,0.0125,13.17,396.07,487.49,212423606272.0,12581000192.0,6.432206,5.422699,Buy
292,144.68,162.5618,0.018179999999999998,0.89,86.67,145.33,33363062784.0,1534734976.0,1.4309411,115.19107,Buy
293,37.39,13.797048,0.031400003,2.71,35.56,53.68,9719904256.0,1732000000.0,0.67038447,1.5665982,Buy
294,462.95,20.769403,0.026199998,22.29,413.92,618.95,108971950080.0,10225999872.0,1.5284655,15.174709,Buy
295,85.45,11.363031,0.0029,7.52,71.52,87.45,18506504192.0,3233999872.0,1.0745851,1.0778118,Sell
296,260.04,21.651957,0.016900001,12.01,211.8,287.01,146831589376.0,12433000448.0,1.7475166,6.71466356,Buy
297,414.2,29.99276,0.010759999599999999,13.81,226.01,480.94,50442936320.0,2699964928.0,5.0497017,12.353486,Buy
298,75.7,11.487101,0.0704,6.59,72.21,107.02,24584103936.0,4421000192.0,0.6035279,1.7923098,Hold
299,201.24,13.745902,0.0269,14.64,128.31,225.7,33389940736.0,2762307020.8,3.9286907,1.2625636,Buy
300,220.59521,39.69787012505263,0.022929702972103963,8.247254509018036,169.35224773399997,255.22230960000002,111886263480.32,6766009801.4127655,4.68663154898998,8.74781547594017,Buy
301,145.71,11.29535,0.024300002,12.9,130.54,221.11,46829592576.0,10341000192.0,0.32823712,2.5012445,Buy
302,220.63,29.895664,0.0136,7.38,192.42,296.68,8318722048.0,412735008.0,10.245476,6.0040274,Buy
303,290.59,30.460167,0.0086,9.54,204.55,295.45,80752926720.0,4112999936.0,12.291162,13.21417658,Hold
304,216.88,26.5459,0.0149,8.17,191.87,235.5,106514538496.0,7246000128.0,4.4482994,7.7801695,Hold
305,544.12,16.882408,0.0058,32.23,490.05,633.23,33255579648.0,1945500032.0,5.105874,3.6269588,Buy
306,79.28,21.085106,0.0143,3.76,63.81,86.7,17104579584.0,1494000000.0,2.1700811,4.6677047400000005,Buy
307,555.43,40.810432,0.0055,13.61,428.86,565.54,517369167872.0,16784000000.0,19.002762,68.68183,Buy
308,35.7,16.008968,0.0216,2.23,27.655,38.84,8963949568.0,993089984.0,2.5718384,2.9325178800000002,Buy
309,77.23,26.448631,0.024600001,2.92,64.33,85.49,20692699136.0,1270200064.0,3.0984054,3.8227,Buy
310,288.7,25.503536,0.024400001,11.32,243.53,317.9,208049078272.0,13845499904.0,8.020798,7.89220944,Buy
311,594.75,30.736433,0.0047,19.35,464.42,637.51,75497562112.0,4889999872.0,0.22865091,7.44837076,Buy
312,90.82,27.7737,0.032,3.27,75.96,93.08,116457578496.0,9013000192.0,3.5748405,2.3717747,Buy
313,98.82,20.67364,0.0327,4.78,94.48,134.63,249979011072.0,22927998976.0,3.956992,5.6224394,Buy
314,689.18,28.823923,0.003,23.91,414.5,705.2999,1740620562432.0,79208996864.0,11.141612,10.5725155,Buy
315,86.51,17.547668,0.0251,4.93,64.61,89.05,59901251584.0,7036000256.0,0.83961165,1.9429533,Buy
316,1364.44,36.767445,0.023199999800000003,37.11,1133.46,1546.93,28793366528.0,1142445056.0,7.6532793,2.55260952,Hold
317,34.48,12.358423,0.037080001200000004,2.79,31.61,48.25,10266075136.0,2556987904.0,0.5961143,3.167371,Buy
318,54.3,37.708332,0.033,1.44,53.98,100.57,29159641088.0,1950800000.0,5.3050323,4.646188,Buy
319,91.24,26.523254,0.0044,3.44,79.15,157.54,103061061632.0,8944000000.0,4.10422,2.2420444,Buy
320,415.06,33.44561,0.0075,12.41,385.58,468.35,3085547601920.0,136551997440.0,12.138745,11.492731,Buy
321,152.58,34.44244,0.0399,4.43,121.51,167.39,18302885888.0,1247618048.0,8.38263,2.997937,Buy
322,39.42,206.5271569,0.018299999400000003,-5.81,31.94,170.47,15169524736.0,-2361999872.0,2.9855392,1.2724749,Hold
323,122.3,13.819209,0.029040000099999998,8.85,101.83,164.29,7719735296.0,1549473024.0,0.713996,0.9831348,Buy
324,310.41,15.7969475,0.0113799998,19.65,272.69,423.92,17755451392.0,1814000000.0,0.4729238,3.7093112,Hold
325,54.75,12.331081,0.0319,4.44,49.19,69.18,11286548480.0,2418400000.0,0.96613216,0.8471823,Hold
326,57.99,20.563831,0.0322,2.82,55.97,77.2,77543653376.0,7414000128.0,2.1449933,2.7839656,Buy
327,637.37,72.0192,0.007900001,8.85,546.71,959.64,31090909184.0,522235008.0,15.244774,13.2204275,Buy
328,48.71,31.22436,0.0183799995,1.56,43.32,61.23,47371448320.0,2105284992.0,6.3922386,8.1961975,Buy
329,499.44,45.69442,0.0068,10.93,360.05,505.775,90514014208.0,3313999872.0,13.125582,23.179096,Buy
330,138.43,17.412579,0.028299998,7.95,83.09,141.48,222457004032.0,8949399961.6,3.8169074,2.376644,Buy
331,27.89,24.681416,0.0308,1.13,23.56,33.44,8859118592.0,1908199936.0,0.7732899,0.7507605,Hold
332,469.25,51.45285,0.0092,9.12,314.84,507.82,78421524480.0,3152000000.0,7.3600683,59.0623,Buy
333,596.77,42.444523,0.010199999,14.06,439.95,642.45,46769639424.0,1622592000.0,16.687202,4.90572024,Buy
334,82.34,42.66321,0.0117999995,1.93,54.9,83.77,47325573120.0,2512000000.0,6.7444167,4.274294,Buy
335,122.1,22.527676,0.0164,5.42,83.8,135.45,24823662592.0,1582000000.0,3.8926866,21.948587,Buy
336,976.76,49.009533,0.01862,19.93,542.01,999.0,417815920640.0,9976898560.0,11.115886,18.376385,Buy
337,42.72,15.754724199999998,0.0232,-2.17,29.42,58.72,49055805440.0,6008999936.0,2.887844,1.6448483,Buy
338,28.12,45.35484,0.0070999996,0.62,22.65,30.04,16623195136.0,1270000000.0,1.6356583,1.9395779,Buy
339,31.65,51.048386,0.0063,0.62,23.99,32.87,16625808384.0,1270000000.0,1.6359154,2.1830597,Buy
340,71.56,21.23442,0.0298,3.37,53.95,86.1,147155976192.0,14577999872.0,5.6067963,2.9401371,Buy
341,76.9,24.18239,0.0208,3.18,70.32,107.43,115859849216.0,7200999936.0,2.316641,8.0095825,Buy
342,37.3,22.743902,0.0297,1.64,24.8,38.83,17410856960.0,2324999936.0,3.291713,2.086013,Buy
343,220.22,27.12069,0.0125,8.12,196.83,279.38,12571875328.0,818784000.0,4.71784,4.412607,Buy
344,255.3,22.065687,0.0214,11.57,206.71,277.6,57779748864.0,5888000000.0,4.7469397,4.1899853,Buy
345,112.29,11.493346,0.0274,9.77,76.67,113.91,22005471232.0,1765804416.0,2.8005333,1.8760651,Hold
346,487.27,17.199787,0.0171,28.33,418.6,555.57,70630760448.0,4457999872.0,1.7233319,4.8176346,Buy
347,28.35,24.868422,0.0441200004,1.14,14.69,29.29,12465722368.0,2335180032.0,1.3322719,10.97986,Buy
348,102.44,25.356436,0.0168,4.04,51.26,115.38,20750862336.0,2192999936.0,0.7379921,11.226301,Buy
349,128.43,15.198816,0.018,8.45,112.25,203.0,30157031424.0,4940151808.0,0.96154976,1.4730237,Buy
350,120.07,49.209015,0.00029999999,2.44,63.69,153.13,3052683657216.0,61184000000.0,31.697422,68.84748,Buy
351,8016.18,15.831615,0.0224,506.34,7129.1,9964.77,24919658496.0,2071504000.0,2.4237614,5.751928,Buy
352,208.55,19.937859,0.019199999,10.46,202.25,296.08,53004234752.0,4640000000.0,4.100908,5.631768,Buy
353,1294.42,32.079803,0.0180600004,40.35,947.49,1310.25,74727776256.0,3685244928.0,4.5441327,3.4293329800000003,Buy
354,46.65,12.780822,0.018,3.65,45.17,71.19,43773702144.0,12931000320.0,1.6130635,1.6586077,Hold
355,185.61,32.449303,0.0056,5.72,165.49,233.26,39627362304.0,1971409024.0,6.6886916,9.502868,Hold
356,86.79,11.856557,0.0324,7.32,81.42,107.0,17052585984.0,2420600064.0,1.1053154,4.285291,Buy
357,52.34,12.987593,0.0186199996,4.03,51.955,85.16,22286215168.0,2716600064.0,3.0206718,2.595329,Buy
358,97.17,20.586864,0.041300002,4.72,67.05,118.07,56645545984.0,5612000256.0,2.8417974,3.3613532,Buy
359,170.06,41.57946,0.0083,4.09,106.51,198.31,475651014656.0,21802999808.0,8.838633,53.833492,Buy
360,95.42,23.444715,0.0163,4.07,89.29,106.33,38116569088.0,2507000064.0,2.6831317,6.074324279999999,Hold
361,110.88,14.035442,0.012,7.9,90.04,125.5,58145472512.0,5908100096.0,1.6692687,3.1146069,Hold
362,212.66,23.81411,0.021,8.93,159.57,250.82,19097909248.0,1624999936.0,2.3361073,4.4477444,Buy
363,82.49,412.44998,0.01628000006,0.2,16.145,85.22,187913879552.0,397707008.0,71.009026,41.619576,Hold
364,184.42,47.777203,0.0218400002,3.86,130.045,207.24,121016401920.0,1094400000.0,15.075229,11.597283,Buy
365,10.88,12.22225006,0.0182,-9.06,9.54,14.55,7728977920.0,3124999936.0,0.26774442,0.436422,Hold
366,707.05,29.204874,0.0098,24.21,488.45,718.32,91011473408.0,4962157056.0,4.553738,7.5323052,Buy
367,147.67,31.08842,0.028900001,4.75,114.72,150.71,53170503680.0,2358799872.0,10.011769,13.990525,Hold
368,207.56,24.977135,0.0073,8.31,139.5,242.74,11968324608.0,667798016.0,6.561862,7.711112,Hold
369,88.58,21.396137,0.0100200002,4.14,55.77,93.66,89797091328.0,6120999936.0,2.854598,4.4170737,Buy
370,103.68,25.92,0.0097,4.0,72.03,110.71,17131151360.0,978700032.0,4.1839423,4.8963404,Buy
371,150.69,22.424109,0.0357,6.72,141.51,183.41,208405790720.0,16913000448.0,2.267252,10.635941,Buy
372,26.52,35.36,0.0639,0.75,24.48,31.54,150288580608.0,18365999104.0,2.531176,1.6281925,Buy
373,15.65,12.2265625,0.0064,1.28,15.32,21.72,34328428544.0,9317999616.0,1.3825941,1.2466146,Buy
374,130.2,20.699522,0.0414,6.29,87.82,134.15,202438852608.0,15301000192.0,5.4391265,5.475907900000001,Buy
375,117.87,15.05364,0.0381,7.83,108.91,174.08,48679014400.0,5571999744.0,0.32949555,1.6948252,Buy
376,86.96,16.345863,0.041100003,5.32,65.2,95.42,9887351808.0,1978172032.0,1.969168,1.4934652,Buy
377,200.95,14.625182,0.0319,13.74,139.69,216.26,79563538432.0,4469727744.0,3.8841798,1.6132269,Buy
378,344.25,29.574741,0.0138,11.64,293.51,422.73,13100605440.0,679414976.0,2.4595037,9.151934,Buy
379,115.38,18.285261,0.0222,6.31,113.0,145.6,26768158720.0,2870000128.0,1.4846455,3.4370997,Buy
380,33.6,30.27027,0.0308,1.11,25.35,35.15,24795791360.0,3276000000.0,2.9939377,1.7590702,Buy
381,82.45,35.4807546,0.035,-0.74,72.21,91.98,18858457088.0,-15100000.0,1.3406645,1.6823441,Hold
382,165.99,26.431528,0.0249,6.28,153.52,180.43,389221646336.0,24039999488.0,4.6388373,7.9057918,Buy
383,246.44,17.11389,0.0199,14.4,179.68,270.62,144367271936.0,10823199744.0,2.0062325,5.315446,Buy
384,119.25,36.02719,0.0327,3.31,100.82,135.76,110446362624.0,5739131904.0,13.40497,2.0835154,Buy
385,120.76,10.75334,0.0427,11.23,101.72,130.55,42982227968.0,5557333504.0,0.58907205,1.4131414,Hold
386,193.48,62.21222,0.0214199998,3.11,163.3,203.09,23286478848.0,698484992.0,10.131287,7.229924,Buy
387,83.54,20.525799,0.0286,4.07,57.24,95.22,41621716992.0,4044999936.0,3.9905767,2.5848572,Buy
388,298.48,30.994808,0.0403,9.63,256.31,369.99,52288626688.0,3353046016.0,11.128495,9.936417,Buy
389,113.78,7.740136,0.0078,14.7,100.24,149.47,23334230016.0,3788722944.0,1.3473346,2.020672,Buy
390,82.98,296.35715,0.027340000600000004,0.28,64.54,130.99,7750066688.0,673129984.0,1.9630218,2.2352118,Hold
391,172.93,19.235817,0.0198,8.99,139.26,230.63,191155077120.0,11959000064.0,4.906193,7.3256793,Buy
392,307.61,56.85952,0.0013,5.41,197.46,365.88,45406924800.0,1868978048.0,1.9825476,6.4215183,Buy
393,163.1,21.23698,0.019299999,7.68,123.18,166.89,18041307136.0,1804999936.0,1.8913206,2.6827867,Buy
394,249.7,23.780952,0.0128,10.5,143.27,260.77,15505945600.0,1059800000.0,2.3005512,6.3490047,Buy
395,168.48,16.453125,0.0116,10.24,104.24,174.32,34471006208.0,4476212531.2,2.6981065,3.1152117,Buy
396,54.64,52.038097,0.0583,1.05,50.65,64.88,47821529088.0,4485658112.0,9.536263,1.2434572,Buy
397,71.84,33.88679,0.0392,2.12,56.51,76.53,13118127104.0,917937984.0,8.805218,1.987825,Buy
398,672.98,16.641443,0.0180600004,40.44,666.25,1211.2,73953771520.0,4598000128.0,5.3407407,2.4738271,Buy
399,24.64,12.766839,0.040799998,1.93,17.42,27.96,22394408960.0,3116520038.4,3.4158645,1.3228109,Buy
400,216.87,34.6992,0.0106,6.25,171.06,220.58,67913273344.0,4804800000.0,4.2935257,6.05106,Buy
401,236.18,27.851416,0.0082,8.48,170.56,260.49,34670276608.0,1632185984.0,7.2117286,6.672882,Buy
402,126.13,60.349285,0.0022,2.09,97.32,129.5,15350273024.0,788105984.0,5.6402583,1.9439306,Buy
403,278.43,33.586246,0.0188,8.29,242.81,304.29,31471777792.0,1613699968.0,3.808206,9.001649,Hold
404,49.5,51.030926,0.013300001,0.97,40.41,52.16,24079620096.0,757598016.0,7.273436,18.191841,Buy
405,575.65,40.199024,0.0061000003,14.32,499.47,581.92,61726375936.0,2732699904.0,9.110097,3.3337774,Buy
406,150.56,23.710236,0.010299999,6.35,127.53,163.6,49674108928.0,2983800064.0,2.3550117,10.359158,Buy
407,266.6,24.258417,0.0093,10.99,113.1,277.08,71688740864.0,5641999872.0,4.465197,10.174796,Buy
408,128.95,36.323944,0.0202,3.55,88.9,132.43,171675009024.0,12570999808.0,2.1719465,2.8084502,Buy
409,521.41,46.101677,0.0073,11.31,407.69,533.29,161793507328.0,6645000192.0,11.751417,4.7597356,Buy
410,341.7,56.47934,0.0047999998,6.05,212.0,369.0,328796405760.0,9345000448.0,9.016767,5.5627007,Buy
411,197.56,31.21011,0.0197,6.33,183.64,252.64,21242243072.0,1785819008.0,7.9829307,4.619834432,Buy
412,40.28,13.206557,0.026800001,3.05,36.52,55.69,57463042048.0,8130999808.0,1.5964173,2.6442592,Buy
413,96.36,17.844444,0.028399998,5.4,82.31,115.32,20806629376.0,1211000064.0,2.8639545,4.641781492000001,Buy
414,82.93,18.26652,0.0298,4.54,66.4,95.77,52527775744.0,4930999808.0,4.066247,1.8224771,Buy
415,1018.38,147.80551,0.01725999956,6.89,637.99,1198.09,210282233856.0,1824000000.0,20.09578,22.616594,Buy
416,358.16,33.916664,0.007900001,10.56,282.09,400.42,90203668480.0,4399799808.0,3.912797,21.595419,Buy
417,173.86,23.11968,0.0478,7.52,135.15,186.0,65279733760.0,4353110016.0,11.0475025,21.228329,Buy
418,88.76,24.054201,0.0335,3.69,82.13,120.86,14267370496.0,1136199936.0,3.2635002,2.2383618,Hold
419,53.09,73.73611,0.0434,0.72,38.55,56.986,27615082496.0,2172999936.0,1.6805674,1.5308535,Buy
420,355.15,18.269032,0.0239,19.44,252.98,373.9,18641752064.0,1480000000.0,3.6530967,3.4059305,Hold
421,74.06,194.89473,0.036940000400000006,0.38,47.16,77.17,12794382336.0,1840000000.0,1.5574416,4.0082264,Hold
422,83.95,19.568764,0.0339,4.29,65.8,94.45,91982331904.0,13061000192.0,3.4804878,2.7624218,Buy
423,30.71,40.407894,0.0227,0.76,23.58,36.12,18417924096.0,1682000000.0,0.6727763,1.7691112,Hold
424,88.07,57.3516604,0.0365,-1.24,77.7,110.88,13577223168.0,1663699968.0,0.8826868,1.5323983,Hold
425,107.68,35.189545,0.024300002,3.06,71.55,110.08,123816919040.0,6700000256.0,3.4226072,11.51773038,Buy
426,101.62,12.377588,0.030299999,8.21,70.2,102.735,29344403456.0,2063775820.8,2.3385723,1.2991396,Buy
427,128.2,13.284974,0.015,9.65,104.6,155.56,19899973632.0,2689149952.0,1.1116264,2.1604314,Buy
428,220.65,37.14646,0.010299999,5.94,197.82,248.24,21779765248.0,1325649024.0,4.0896935,3.3032427,
429,391.29,50.359074,0.0085,7.77,314.93,406.19,149166014464.0,5693000192.0,6.788296,7.4030843,Buy
430,28.52,14.189055,0.01651999992,2.01,17.25,122.9,16700313600.0,1304590720.0,1.117612,3.060086,Hold
431,68.98,8.067837,0.015,8.55,37.99,70.93,26784935936.0,2886627558.4,2.9737911,1.8192848,Buy
432,525.48,56.747295,0.012919999999999997,9.26,457.52,629.38,81227644928.0,1652390016.0,12.528483,10.47044,Buy
433,72.92,18.697435,0.026500002,3.9,69.03,82.89,35674652672.0,4410999808.0,0.4475668,19.280804,Buy
434,232.97,26.564423,0.0159,8.77,158.84,248.15,266652794880.0,30663999488.0,3.33291,4.222919,Buy
435,116.92,12.806133,0.0428,9.13,100.49,125.81,25974831104.0,2648399872.0,3.7584221,2.5341368,Hold
436,185.51,96.66641940000001,0.013160000199999999,-21.21,135.24,192.14,32580564992.0,165600000.0,5.970417,5.614709,Buy
437,72.94,21.142029,0.0184,3.45,35.23,75.78,16997646336.0,1439500032.0,2.5500932,5.699328,Buy
438,196.8,35.652176,0.0146,5.52,84.33,218.51,42914799616.0,4021700096.0,2.6464968,16.69353,Buy
439,137.91,14.640127,0.0287,9.42,120.21,181.86,63192018944.0,9230999552.0,0.5889284,4.740153,Buy
440,147.97,23.339117,0.0175,6.34,137.61,159.98,44147294208.0,3761999872.0,2.7861972,3.5919409,Buy
441,511.33,29.676727,0.015900000180000002,17.23,355.41,522.5,23829153792.0,1346000000.0,4.2607603,2.4848745,Buy
442,180.24,35.69109,0.0074,5.05,171.69,256.85,8371012608.0,644953984.0,2.7665234,1.8678302,Buy
443,115.79,34.981873,0.0039,3.31,93.87,163.21,18857674752.0,640716992.0,6.8884096,6.5010386,Buy
444,404.6,196.40778,0.010420000000000002,2.06,138.8,488.54,1301403926528.0,13244000256.0,13.39582,18.554527,Hold
445,184.61,35.43378,0.0271,5.21,155.46,220.39,168404385792.0,6896999936.0,10.718884,9.750185,Hold
446,76.51,17.669746,0.001,4.33,74.89,97.34,14193523712.0,1644999936.0,1.015201,2.0418458,Buy
447,597.75,36.227272,0.0027,16.5,493.3,627.88,228639375360.0,10581999616.0,5.3962564,4.666859,Buy
448,124.79,29.431606,0.0125,4.24,92.35,128.0,140283920384.0,7125000192.0,2.5220487,19.371313,Buy
449,54.36,26.64706,0.0154,2.04,45.304,61.528,29038841856.0,1913799040.0,1.9661303,2.539475,Buy
450,362.75,32.244446,0.0092,11.25,265.37,422.0,82430582784.0,3691200000.0,4.2515635,10.760902,Buy
451,1353.34,52.74123,0.0139,25.66,1100.86,1451.32,75841175552.0,3888000000.0,9.551785,9.71227164,Buy
452,245.18,11.419656,0.0176,21.47,200.21,269.56,55557787648.0,6719000064.0,1.2253052,2.0095239,Hold
453,74.96,12.535117,0.02228,5.98,48.65,77.78,18424567808.0,737699968.0,5.0724244,3.1336484,Buy
454,47.62,28.987651399999997,0.0462,-0.3,34.23,49.06,63191261184.0,6499339929.6,4.3589196,1.071051,Buy
455,601.64,110.39267,0.01379999998,5.45,397.8,638.56,25749350400.0,368943008.0,12.39376,7.8598495,Buy
456,56.49,25.106667,0.0352,2.25,51.16,66.88,20120213504.0,3144000000.0,0.37742618,1.0930305,Hold
457,47.78,12.60686,0.039300002,3.79,37.81,53.98,74536796160.0,4115209062.4,2.9938064,1.4326406,Buy
458,66.85,32.931034,0.013940000000000003,2.03,54.84,87.0,140766707712.0,3444999936.0,3.3551831,9.517368,Buy
459,41.74,109.84211,0.040999997,0.38,34.19,47.55,15680049152.0,989297984.0,9.346052,3.9680579,Buy
460,412.15,16.492598,0.0251,24.99,318.17,574.76,19112425472.0,1827608064.0,1.688203,8.737916,Buy
461,247.79,22.323421,0.0227,11.1,218.55,258.66,150224420864.0,12030000128.0,6.185129,9.068252,Buy
462,105.84,11.2,0.022300000000000004,9.45,37.02,116.0,34808233984.0,7482999808.0,0.62164223,3.0432158,Buy
463,114.23,16.948072,0.048699997,6.74,113.3601,158.95,97480458240.0,12007999488.0,1.0749229,5.780286,Buy
464,758.06,19.588114,0.0086,38.7,596.48,896.98,49506701312.0,4542000128.0,3.3052945,5.804263,Buy
465,542.49,35.203762,0.0155,15.41,436.38,630.73,502079356928.0,35035000832.0,1.2746431,5.2966676,Buy
466,188.56,12.562291,0.0042,15.01,152.69,243.25,12438473728.0,2124051968.0,0.80676275,1.8830014,Buy
467,133.0,15.48312,0.0324,8.59,116.84,184.79,42105802752.0,7816000000.0,0.32708365,1.6673563,Buy
468,60.42,26.3373056,0.0299,-0.14,41.45,67.61,25346854912.0,1857009024.0,5.2837706,2.5956953,Buy
469,103.39,31.910494,0.0042,3.24,75.05,115.0,25569173504.0,1264999936.0,4.9784217,13.079063,Buy
470,215.0,25.058275,0.0226799998,8.58,167.05,217.66,20661499904.0,1089200000.0,13.395682,4.806312572,Buy
471,287.44,44.358025,0.0054,6.48,217.34,296.58,40589692928.0,1363000064.0,14.376684,135.6489,Buy
472,39.39,9.514493,0.0692,4.14,37.59,45.36,165817319424.0,48428998656.0,1.2352579,1.7214404,Buy
473,461.68,33.3104552,0.026080000199999998,-1.89,377.85,519.88,118895984640.0,4446600192.0,11.189367,7.6127033,Buy
474,11.28,14.77830578,0.042,-0.73,9.93,13.62,13463695360.0,4586699776.0,0.8946869,0.68025565,Hold
475,29.77,11.025926,0.058000002,2.7,27.075,34.29,31382640640.0,3661391104.0,8.247698,1.1939042,Buy
476,341.8,34.59514,0.0069,9.88,252.7,351.25,662322937856.0,24973000704.0,18.435755,21.605562,Buy
477,168.03,31.644068,0.005,5.31,42.225,199.84,57168171008.0,6019999744.0,3.514797,19.309355,Buy
478,274.15,42.76911,0.0067000003,6.41,225.36,298.31,36204523520.0,1985699968.0,4.893627,4.602226,Buy
479,58.83,13.493119,0.0056,4.36,50.726665,65.49,22290688000.0,3088114636.8,1.68964,2.6613889,Buy
480,1062.67,28.767464,0.0073,36.94,874.98,1227.66,51752243200.0,2836999936.0,3.0564756,14.775929,Hold
481,207.92,34.65333,0.0038,6.0,131.33,210.7434,35739369472.0,2110000000.0,3.4597645,3.5173907,Buy
482,10.28,14.577877079999999,0.108500004,-10.24,8.08,23.77,8883492864.0,2884000000.0,0.060162626,0.8503598,Hold
483,98.16,40.9,0.0099,2.4,55.84667,98.96,792493817856.0,40779001856.0,1.1916573,9.427585,Buy
484,113.06,41.719555,0.0082,2.71,83.91,123.74,205133807616.0,16750999552.0,2.2785556,2.0404627,Buy
485,10.44,13.9010368,0.04288000000000001,-4.5,6.64,12.7,26052601856.0,7144999936.0,0.6582597,0.7293049,Buy
486,220.26,32.343613,0.0143,6.81,186.91,230.39,88404877312.0,6381000192.0,4.13358,11.079477,Buy
487,415.48,39.682903,0.01462000018,10.47,279.24,423.0,24669624320.0,1008035008.0,8.491696,15.386438,Hold
488,99.26,24.268948,0.0359,4.09,75.13,102.79,31401297920.0,3489200128.0,3.679897,2.5990417,Hold
489,78.8,14.674116,0.0225,5.37,47.45,79.2857,259234676736.0,18648182169.6,3.328856,1.6010404,Buy
490,136.48,87.48718,0.0195,1.56,85.4,140.75,84984725504.0,2930661888.0,11.24799,2.7822964,Buy
491,341.55,50.675076,0.0023999999,6.74,265.0,413.7,24735868928.0,744700032.0,8.599592,8.997629,Buy
492,65.13,18.823698,0.0246599994,3.46,52.77,81.55,22515961856.0,2134000000.0,1.5692753,2.0650623,Buy
493,30.62,41.945206,0.025799999,0.73,26.73,36.27,22247942144.0,1234000000.0,3.0942895,2.2417455,Buy
494,55.43,23.48729,0.0353,2.36,32.65,61.46,67569725440.0,5864000000.0,6.5183992,5.4519525,Buy
495,329.565,50.2728124,0.0107,-7.22,245.04,334.99,33195433984.0,2580999936.0,3.384181,4.437211,Buy
496,86.85,10.42617,0.0112,8.33,71.63,110.38,9537432576.0,1829332992.0,1.3377188,2.2240290600000003,Buy
497,67.2,19.940653,0.0328,3.37,46.79,73.38,38589059072.0,5510000128.0,2.803826,1.9935919,Buy
498,124.04,35.643677,0.0117999995,3.48,112.02,146.08,30134896640.0,1688999936.0,3.577267,2.845411,Buy
499,130.5,24.392525,0.020499999,5.35,122.13,143.2,36418895872.0,2608000000.0,5.0420732,3.8126461,Hold
500,391.94,53.39782,0.032699999800000004,7.34,237.06,427.76,20216264704.0,803000000.0,4.3419814,5.905112,Buy
501,109.48,20.893131,0.0087,5.24,100.67,133.9,21794621440.0,2557400064.0,2.8694124,1.7658919,Buy
502,170.9,32.124058,0.0116,5.32,144.8,200.53,77104095232.0,3764000000.0,8.424835,14.744198,Buy
